Store_ID,Bank_ID,Store_Location_X,Store_Location_Y,Bank_Location_X,Bank_Location_Y,Predicted_Weight
Store_1,Bank_1,26.785217687751338,80.07133507435421,64.39830871187368,67.62398219853492,0.6520391
Store_1,Bank_2,26.785217687751338,80.07133507435421,94.20591238829729,2.9940433020438806,0.62707716
Store_1,Bank_3,26.785217687751338,80.07133507435421,90.4933439074418,79.41794137989879,0.21739733
Store_1,Bank_4,26.785217687751338,80.07133507435421,80.20816489835212,15.2090837844281,0.553554
Store_1,Bank_5,26.785217687751338,80.07133507435421,16.209390524906343,53.11199146400879,0.6623896
Store_1,Bank_6,26.785217687751338,80.07133507435421,38.12154832860502,35.00252300066203,0.65940565
Store_1,Bank_7,26.785217687751338,80.07133507435421,80.63070764059503,68.0244423213309,0.6052813
Store_1,Bank_8,26.785217687751338,80.07133507435421,34.60443969654757,51.01506612561023,0.66394013
Store_1,Bank_9,26.785217687751338,80.07133507435421,47.99704366769903,5.935789597614704,0.6615494
Store_1,Bank_10,26.785217687751338,80.07133507435421,20.520047100102623,38.20232466107236,0.6214574
Store_1,Bank_11,26.785217687751338,80.07133507435421,6.898535738074085,50.276947220982414,0.5480104
Store_1,Bank_12,26.785217687751338,80.07133507435421,88.78093915527688,71.31898527906395,0.6504293
Store_1,Bank_13,26.785217687751338,80.07133507435421,79.76032544766628,98.45578865443886,0.50314015
Store_1,Bank_14,26.785217687751338,80.07133507435421,54.3343100311518,21.58412482120887,0.6653876
Store_1,Bank_15,26.785217687751338,80.07133507435421,73.66946091099888,10.093589333240105,0.51487905
Store_1,Bank_16,26.785217687751338,80.07133507435421,10.084552170644844,14.94862629723639,0.59059566
Store_1,Bank_17,26.785217687751338,80.07133507435421,89.11653796761013,0.4806491460307538,0.6391552
Store_1,Bank_18,26.785217687751338,80.07133507435421,80.59524190837278,39.13717073984423,0.66262656
Store_1,Bank_19,26.785217687751338,80.07133507435421,80.49919075675024,29.760569056266938,0.65442544
Store_1,Bank_20,26.785217687751338,80.07133507435421,74.22879317418588,41.8018026412281,0.28524822
Store_1,Bank_21,26.785217687751338,80.07133507435421,75.69732599874789,20.25356865791812,0.6128077
Store_1,Bank_22,26.785217687751338,80.07133507435421,67.26845821387404,71.816563354471,0.38485712
Store_1,Bank_23,26.785217687751338,80.07133507435421,42.08044215406025,26.856637647346858,0.660345
Store_1,Bank_24,26.785217687751338,80.07133507435421,3.0670569830396177,22.627501745087418,0.6544592
Store_1,Bank_25,26.785217687751338,80.07133507435421,68.68561641540452,87.5340179808678,0.6681054
Store_1,Bank_26,26.785217687751338,80.07133507435421,72.33830525786665,52.74807198383784,0.6637085
Store_1,Bank_27,26.785217687751338,80.07133507435421,55.60189254888827,93.20510868724499,0.5678379
Store_1,Bank_28,26.785217687751338,80.07133507435421,67.98706118138162,30.30529937117613,0.40706414
Store_1,Bank_29,26.785217687751338,80.07133507435421,30.303374092267,60.10516961202461,0.6501964
Store_1,Bank_30,26.785217687751338,80.07133507435421,7.540067481334855,72.88702648890597,0.65842944
Store_1,Bank_31,26.785217687751338,80.07133507435421,75.38172364234154,65.21614315774508,0.57222086
Store_1,Bank_32,26.785217687751338,80.07133507435421,56.651016768629205,56.05093550979855,0.5191987
Store_1,Bank_33,26.785217687751338,80.07133507435421,8.040435191061368,36.035510347257926,0.6648143
Store_1,Bank_34,26.785217687751338,80.07133507435421,0.2131757517885413,3.3194587440436796,0.6641088
Store_1,Bank_35,26.785217687751338,80.07133507435421,87.94169820557762,48.63187525206023,0.6661323
Store_1,Bank_36,26.785217687751338,80.07133507435421,3.575292378669137,72.64370976080245,0.63879055
Store_1,Bank_37,26.785217687751338,80.07133507435421,29.629780170623533,81.9152806853877,0.6512554
Store_1,Bank_38,26.785217687751338,80.07133507435421,9.320795702458462,77.06556257597018,0.6645959
Store_1,Bank_39,26.785217687751338,80.07133507435421,35.538506608571176,17.47590723043677,0.568157
Store_1,Bank_40,26.785217687751338,80.07133507435421,81.65438097094433,3.189377589660103,0.5994268
Store_2,Bank_1,68.67596809606155,35.99456859286665,64.39830871187368,67.62398219853492,0.83710927
Store_2,Bank_2,68.67596809606155,35.99456859286665,94.20591238829729,2.9940433020438806,0.8121472
Store_2,Bank_3,68.67596809606155,35.99456859286665,90.4933439074418,79.41794137989879,0.38050896
Store_2,Bank_4,68.67596809606155,35.99456859286665,80.20816489835212,15.2090837844281,0.73862416
Store_2,Bank_5,68.67596809606155,35.99456859286665,16.209390524906343,53.11199146400879,0.8474596
Store_2,Bank_6,68.67596809606155,35.99456859286665,38.12154832860502,35.00252300066203,0.84447557
Store_2,Bank_7,68.67596809606155,35.99456859286665,80.63070764059503,68.0244423213309,0.79035145
Store_2,Bank_8,68.67596809606155,35.99456859286665,34.60443969654757,51.01506612561023,0.8490104
Store_2,Bank_9,68.67596809606155,35.99456859286665,47.99704366769903,5.935789597614704,0.84661967
Store_2,Bank_10,68.67596809606155,35.99456859286665,20.520047100102623,38.20232466107236,0.80652744
Store_2,Bank_11,68.67596809606155,35.99456859286665,6.898535738074085,50.276947220982414,0.73308045
Store_2,Bank_12,68.67596809606155,35.99456859286665,88.78093915527688,71.31898527906395,0.83549947
Store_2,Bank_13,68.67596809606155,35.99456859286665,79.76032544766628,98.45578865443886,0.6882102
Store_2,Bank_14,68.67596809606155,35.99456859286665,54.3343100311518,21.58412482120887,0.8504575
Store_2,Bank_15,68.67596809606155,35.99456859286665,73.66946091099888,10.093589333240105,0.6999491
Store_2,Bank_16,68.67596809606155,35.99456859286665,10.084552170644844,14.94862629723639,0.7756658
Store_2,Bank_17,68.67596809606155,35.99456859286665,89.11653796761013,0.4806491460307538,0.82422525
Store_2,Bank_18,68.67596809606155,35.99456859286665,80.59524190837278,39.13717073984423,0.84769684
Store_2,Bank_19,68.67596809606155,35.99456859286665,80.49919075675024,29.760569056266938,0.8394957
Store_2,Bank_20,68.67596809606155,35.99456859286665,74.22879317418588,41.8018026412281,0.4654773
Store_2,Bank_21,68.67596809606155,35.99456859286665,75.69732599874789,20.25356865791812,0.79787785
Store_2,Bank_22,68.67596809606155,35.99456859286665,67.26845821387404,71.816563354471,0.56992704
Store_2,Bank_23,68.67596809606155,35.99456859286665,42.08044215406025,26.856637647346858,0.84541506
Store_2,Bank_24,68.67596809606155,35.99456859286665,3.0670569830396177,22.627501745087418,0.83952945
Store_2,Bank_25,68.67596809606155,35.99456859286665,68.68561641540452,87.5340179808678,0.8531757
Store_2,Bank_26,68.67596809606155,35.99456859286665,72.33830525786665,52.74807198383784,0.84877855
Store_2,Bank_27,68.67596809606155,35.99456859286665,55.60189254888827,93.20510868724499,0.75290805
Store_2,Bank_28,68.67596809606155,35.99456859286665,67.98706118138162,30.30529937117613,0.5921343
Store_2,Bank_29,68.67596809606155,35.99456859286665,30.303374092267,60.10516961202461,0.83526665
Store_2,Bank_30,68.67596809606155,35.99456859286665,7.540067481334855,72.88702648890597,0.8434997
Store_2,Bank_31,68.67596809606155,35.99456859286665,75.38172364234154,65.21614315774508,0.757291
Store_2,Bank_32,68.67596809606155,35.99456859286665,56.651016768629205,56.05093550979855,0.70426875
Store_2,Bank_33,68.67596809606155,35.99456859286665,8.040435191061368,36.035510347257926,0.84988445
Store_2,Bank_34,68.67596809606155,35.99456859286665,0.2131757517885413,3.3194587440436796,0.84917897
Store_2,Bank_35,68.67596809606155,35.99456859286665,87.94169820557762,48.63187525206023,0.85120255
Store_2,Bank_36,68.67596809606155,35.99456859286665,3.575292378669137,72.64370976080245,0.8238607
Store_2,Bank_37,68.67596809606155,35.99456859286665,29.629780170623533,81.9152806853877,0.8363257
Store_2,Bank_38,68.67596809606155,35.99456859286665,9.320795702458462,77.06556257597018,0.84966594
Store_2,Bank_39,68.67596809606155,35.99456859286665,35.538506608571176,17.47590723043677,0.75322706
Store_2,Bank_40,68.67596809606155,35.99456859286665,81.65438097094433,3.189377589660103,0.7844971
Store_3,Bank_1,41.40380653020883,33.832493589282265,64.39830871187368,67.62398219853492,0.7581461
Store_3,Bank_2,41.40380653020883,33.832493589282265,94.20591238829729,2.9940433020438806,0.73318416
Store_3,Bank_3,41.40380653020883,33.832493589282265,90.4933439074418,79.41794137989879,0.3015458
Store_3,Bank_4,41.40380653020883,33.832493589282265,80.20816489835212,15.2090837844281,0.6596609
Store_3,Bank_5,41.40380653020883,33.832493589282265,16.209390524906343,53.11199146400879,0.7684966
Store_3,Bank_6,41.40380653020883,33.832493589282265,38.12154832860502,35.00252300066203,0.7655125
Store_3,Bank_7,41.40380653020883,33.832493589282265,80.63070764059503,68.0244423213309,0.7113882
Store_3,Bank_8,41.40380653020883,33.832493589282265,34.60443969654757,51.01506612561023,0.7700471
Store_3,Bank_9,41.40380653020883,33.832493589282265,47.99704366769903,5.935789597614704,0.7676564
Store_3,Bank_10,41.40380653020883,33.832493589282265,20.520047100102623,38.20232466107236,0.72756416
Store_3,Bank_11,41.40380653020883,33.832493589282265,6.898535738074085,50.276947220982414,0.65411717
Store_3,Bank_12,41.40380653020883,33.832493589282265,88.78093915527688,71.31898527906395,0.7565362
Store_3,Bank_13,41.40380653020883,33.832493589282265,79.76032544766628,98.45578865443886,0.609247
Store_3,Bank_14,41.40380653020883,33.832493589282265,54.3343100311518,21.58412482120887,0.77149445
Store_3,Bank_15,41.40380653020883,33.832493589282265,73.66946091099888,10.093589333240105,0.62098604
Store_3,Bank_16,41.40380653020883,33.832493589282265,10.084552170644844,14.94862629723639,0.69670254
Store_3,Bank_17,41.40380653020883,33.832493589282265,89.11653796761013,0.4806491460307538,0.7452622
Store_3,Bank_18,41.40380653020883,33.832493589282265,80.59524190837278,39.13717073984423,0.7687337
Store_3,Bank_19,41.40380653020883,33.832493589282265,80.49919075675024,29.760569056266938,0.76053244
Store_3,Bank_20,41.40380653020883,33.832493589282265,74.22879317418588,41.8018026412281,0.38651425
Store_3,Bank_21,41.40380653020883,33.832493589282265,75.69732599874789,20.25356865791812,0.71891457
Store_3,Bank_22,41.40380653020883,33.832493589282265,67.26845821387404,71.816563354471,0.49096388
Store_3,Bank_23,41.40380653020883,33.832493589282265,42.08044215406025,26.856637647346858,0.7664519
Store_3,Bank_24,41.40380653020883,33.832493589282265,3.0670569830396177,22.627501745087418,0.7605663
Store_3,Bank_25,41.40380653020883,33.832493589282265,68.68561641540452,87.5340179808678,0.77421254
Store_3,Bank_26,41.40380653020883,33.832493589282265,72.33830525786665,52.74807198383784,0.7698155
Store_3,Bank_27,41.40380653020883,33.832493589282265,55.60189254888827,93.20510868724499,0.6739448
Store_3,Bank_28,41.40380653020883,33.832493589282265,67.98706118138162,30.30529937117613,0.513171
Store_3,Bank_29,41.40380653020883,33.832493589282265,30.303374092267,60.10516961202461,0.75630337
Store_3,Bank_30,41.40380653020883,33.832493589282265,7.540067481334855,72.88702648890597,0.76453644
Store_3,Bank_31,41.40380653020883,33.832493589282265,75.38172364234154,65.21614315774508,0.6783276
Store_3,Bank_32,41.40380653020883,33.832493589282265,56.651016768629205,56.05093550979855,0.6253056
Store_3,Bank_33,41.40380653020883,33.832493589282265,8.040435191061368,36.035510347257926,0.7709213
Store_3,Bank_34,41.40380653020883,33.832493589282265,0.2131757517885413,3.3194587440436796,0.7702157
Store_3,Bank_35,41.40380653020883,33.832493589282265,87.94169820557762,48.63187525206023,0.7722394
Store_3,Bank_36,41.40380653020883,33.832493589282265,3.575292378669137,72.64370976080245,0.7448974
Store_3,Bank_37,41.40380653020883,33.832493589282265,29.629780170623533,81.9152806853877,0.75736266
Store_3,Bank_38,41.40380653020883,33.832493589282265,9.320795702458462,77.06556257597018,0.7707029
Store_3,Bank_39,41.40380653020883,33.832493589282265,35.538506608571176,17.47590723043677,0.674264
Store_3,Bank_40,41.40380653020883,33.832493589282265,81.65438097094433,3.189377589660103,0.7055338
Store_4,Bank_1,56.017798194391474,23.706894784713416,64.39830871187368,67.62398219853492,0.77364904
Store_4,Bank_2,56.017798194391474,23.706894784713416,94.20591238829729,2.9940433020438806,0.7486871
Store_4,Bank_3,56.017798194391474,23.706894784713416,90.4933439074418,79.41794137989879,0.31704873
Store_4,Bank_4,56.017798194391474,23.706894784713416,80.20816489835212,15.2090837844281,0.67516404
Store_4,Bank_5,56.017798194391474,23.706894784713416,16.209390524906343,53.11199146400879,0.7839995
Store_4,Bank_6,56.017798194391474,23.706894784713416,38.12154832860502,35.00252300066203,0.7810156
Store_4,Bank_7,56.017798194391474,23.706894784713416,80.63070764059503,68.0244423213309,0.7268911
Store_4,Bank_8,56.017798194391474,23.706894784713416,34.60443969654757,51.01506612561023,0.7855502
Store_4,Bank_9,56.017798194391474,23.706894784713416,47.99704366769903,5.935789597614704,0.7831593
Store_4,Bank_10,56.017798194391474,23.706894784713416,20.520047100102623,38.20232466107236,0.7430671
Store_4,Bank_11,56.017798194391474,23.706894784713416,6.898535738074085,50.276947220982414,0.66962034
Store_4,Bank_12,56.017798194391474,23.706894784713416,88.78093915527688,71.31898527906395,0.77203923
Store_4,Bank_13,56.017798194391474,23.706894784713416,79.76032544766628,98.45578865443886,0.6247501
Store_4,Bank_14,56.017798194391474,23.706894784713416,54.3343100311518,21.58412482120887,0.78699726
Store_4,Bank_15,56.017798194391474,23.706894784713416,73.66946091099888,10.093589333240105,0.636489
Store_4,Bank_16,56.017798194391474,23.706894784713416,10.084552170644844,14.94862629723639,0.7122056
Store_4,Bank_17,56.017798194391474,23.706894784713416,89.11653796761013,0.4806491460307538,0.76076514
Store_4,Bank_18,56.017798194391474,23.706894784713416,80.59524190837278,39.13717073984423,0.7842367
Store_4,Bank_19,56.017798194391474,23.706894784713416,80.49919075675024,29.760569056266938,0.77603537
Store_4,Bank_20,56.017798194391474,23.706894784713416,74.22879317418588,41.8018026412281,0.40201718
Store_4,Bank_21,56.017798194391474,23.706894784713416,75.69732599874789,20.25356865791812,0.7344175
Store_4,Bank_22,56.017798194391474,23.706894784713416,67.26845821387404,71.816563354471,0.5064669
Store_4,Bank_23,56.017798194391474,23.706894784713416,42.08044215406025,26.856637647346858,0.78195506
Store_4,Bank_24,56.017798194391474,23.706894784713416,3.0670569830396177,22.627501745087418,0.7760691
Store_4,Bank_25,56.017798194391474,23.706894784713416,68.68561641540452,87.5340179808678,0.78971547
Store_4,Bank_26,56.017798194391474,23.706894784713416,72.33830525786665,52.74807198383784,0.7853182
Store_4,Bank_27,56.017798194391474,23.706894784713416,55.60189254888827,93.20510868724499,0.6894477
Store_4,Bank_28,56.017798194391474,23.706894784713416,67.98706118138162,30.30529937117613,0.52867395
Store_4,Bank_29,56.017798194391474,23.706894784713416,30.303374092267,60.10516961202461,0.7718063
Store_4,Bank_30,56.017798194391474,23.706894784713416,7.540067481334855,72.88702648890597,0.7800395
Store_4,Bank_31,56.017798194391474,23.706894784713416,75.38172364234154,65.21614315774508,0.69383067
Store_4,Bank_32,56.017798194391474,23.706894784713416,56.651016768629205,56.05093550979855,0.64080864
Store_4,Bank_33,56.017798194391474,23.706894784713416,8.040435191061368,36.035510347257926,0.7864242
Store_4,Bank_34,56.017798194391474,23.706894784713416,0.2131757517885413,3.3194587440436796,0.78571874
Store_4,Bank_35,56.017798194391474,23.706894784713416,87.94169820557762,48.63187525206023,0.7877422
Store_4,Bank_36,56.017798194391474,23.706894784713416,3.575292378669137,72.64370976080245,0.76040035
Store_4,Bank_37,56.017798194391474,23.706894784713416,29.629780170623533,81.9152806853877,0.7728655
Store_4,Bank_38,56.017798194391474,23.706894784713416,9.320795702458462,77.06556257597018,0.7862058
Store_4,Bank_39,56.017798194391474,23.706894784713416,35.538506608571176,17.47590723043677,0.68976694
Store_4,Bank_40,56.017798194391474,23.706894784713416,81.65438097094433,3.189377589660103,0.72103673
Store_5,Bank_1,93.61196818356018,15.014750254320319,64.39830871187368,67.62398219853492,0.58112174
Store_5,Bank_2,93.61196818356018,15.014750254320319,94.20591238829729,2.9940433020438806,0.5561598
Store_5,Bank_3,93.61196818356018,15.014750254320319,90.4933439074418,79.41794137989879,0.1362493
Store_5,Bank_4,93.61196818356018,15.014750254320319,80.20816489835212,15.2090837844281,0.4826365
Store_5,Bank_5,93.61196818356018,15.014750254320319,16.209390524906343,53.11199146400879,0.5914722
Store_5,Bank_6,93.61196818356018,15.014750254320319,38.12154832860502,35.00252300066203,0.58848816
Store_5,Bank_7,93.61196818356018,15.014750254320319,80.63070764059503,68.0244423213309,0.5343639
Store_5,Bank_8,93.61196818356018,15.014750254320319,34.60443969654757,51.01506612561023,0.5930229
Store_5,Bank_9,93.61196818356018,15.014750254320319,47.99704366769903,5.935789597614704,0.590632
Store_5,Bank_10,93.61196818356018,15.014750254320319,20.520047100102623,38.20232466107236,0.5505398
Store_5,Bank_11,93.61196818356018,15.014750254320319,6.898535738074085,50.276947220982414,0.47709292
Store_5,Bank_12,93.61196818356018,15.014750254320319,88.78093915527688,71.31898527906395,0.57951194
Store_5,Bank_13,93.61196818356018,15.014750254320319,79.76032544766628,98.45578865443886,0.43222266
Store_5,Bank_14,93.61196818356018,15.014750254320319,54.3343100311518,21.58412482120887,0.5944701
Store_5,Bank_15,93.61196818356018,15.014750254320319,73.66946091099888,10.093589333240105,0.44396168
Store_5,Bank_16,93.61196818356018,15.014750254320319,10.084552170644844,14.94862629723639,0.5196784
Store_5,Bank_17,93.61196818356018,15.014750254320319,89.11653796761013,0.4806491460307538,0.5682376
Store_5,Bank_18,93.61196818356018,15.014750254320319,80.59524190837278,39.13717073984423,0.5917092
Store_5,Bank_19,93.61196818356018,15.014750254320319,80.49919075675024,29.760569056266938,0.5835081
Store_5,Bank_20,93.61196818356018,15.014750254320319,74.22879317418588,41.8018026412281,0.21000278
Store_5,Bank_21,93.61196818356018,15.014750254320319,75.69732599874789,20.25356865791812,0.5418902
Store_5,Bank_22,93.61196818356018,15.014750254320319,67.26845821387404,71.816563354471,0.31393963
Store_5,Bank_23,93.61196818356018,15.014750254320319,42.08044215406025,26.856637647346858,0.58942753
Store_5,Bank_24,93.61196818356018,15.014750254320319,3.0670569830396177,22.627501745087418,0.5835418
Store_5,Bank_25,93.61196818356018,15.014750254320319,68.68561641540452,87.5340179808678,0.59718806
Store_5,Bank_26,93.61196818356018,15.014750254320319,72.33830525786665,52.74807198383784,0.592791
Store_5,Bank_27,93.61196818356018,15.014750254320319,55.60189254888827,93.20510868724499,0.4969204
Store_5,Bank_28,93.61196818356018,15.014750254320319,67.98706118138162,30.30529937117613,0.33614665
Store_5,Bank_29,93.61196818356018,15.014750254320319,30.303374092267,60.10516961202461,0.5792791
Store_5,Bank_30,93.61196818356018,15.014750254320319,7.540067481334855,72.88702648890597,0.5875121
Store_5,Bank_31,93.61196818356018,15.014750254320319,75.38172364234154,65.21614315774508,0.5013035
Store_5,Bank_32,93.61196818356018,15.014750254320319,56.651016768629205,56.05093550979855,0.44828135
Store_5,Bank_33,93.61196818356018,15.014750254320319,8.040435191061368,36.035510347257926,0.5938969
Store_5,Bank_34,93.61196818356018,15.014750254320319,0.2131757517885413,3.3194587440436796,0.59319144
Store_5,Bank_35,93.61196818356018,15.014750254320319,87.94169820557762,48.63187525206023,0.59521514
Store_5,Bank_36,93.61196818356018,15.014750254320319,3.575292378669137,72.64370976080245,0.56787306
Store_5,Bank_37,93.61196818356018,15.014750254320319,29.629780170623533,81.9152806853877,0.5803382
Store_5,Bank_38,93.61196818356018,15.014750254320319,9.320795702458462,77.06556257597018,0.59367853
Store_5,Bank_39,93.61196818356018,15.014750254320319,35.538506608571176,17.47590723043677,0.49723965
Store_5,Bank_40,93.61196818356018,15.014750254320319,81.65438097094433,3.189377589660103,0.52850944
Store_6,Bank_1,37.85255689180652,23.68926299553572,64.39830871187368,67.62398219853492,0.2879684
Store_6,Bank_2,37.85255689180652,23.68926299553572,94.20591238829729,2.9940433020438806,0.2630064
Store_6,Bank_3,37.85255689180652,23.68926299553572,90.4933439074418,79.41794137989879,-0.064600885
Store_6,Bank_4,37.85255689180652,23.68926299553572,80.20816489835212,15.2090837844281,0.1894831
Store_6,Bank_5,37.85255689180652,23.68926299553572,16.209390524906343,53.11199146400879,0.2983188
Store_6,Bank_6,37.85255689180652,23.68926299553572,38.12154832860502,35.00252300066203,0.29533482
Store_6,Bank_7,37.85255689180652,23.68926299553572,80.63070764059503,68.0244423213309,0.2412104
Store_6,Bank_8,37.85255689180652,23.68926299553572,34.60443969654757,51.01506612561023,0.29986948
Store_6,Bank_9,37.85255689180652,23.68926299553572,47.99704366769903,5.935789597614704,0.29747862
Store_6,Bank_10,37.85255689180652,23.68926299553572,20.520047100102623,38.20232466107236,0.2573865
Store_6,Bank_11,37.85255689180652,23.68926299553572,6.898535738074085,50.276947220982414,0.18393964
Store_6,Bank_12,37.85255689180652,23.68926299553572,88.78093915527688,71.31898527906395,0.28635848
Store_6,Bank_13,37.85255689180652,23.68926299553572,79.76032544766628,98.45578865443886,0.14074695
Store_6,Bank_14,37.85255689180652,23.68926299553572,54.3343100311518,21.58412482120887,0.30131668
Store_6,Bank_15,37.85255689180652,23.68926299553572,73.66946091099888,10.093589333240105,0.15080816
Store_6,Bank_16,37.85255689180652,23.68926299553572,10.084552170644844,14.94862629723639,0.22652483
Store_6,Bank_17,37.85255689180652,23.68926299553572,89.11653796761013,0.4806491460307538,0.27508444
Store_6,Bank_18,37.85255689180652,23.68926299553572,80.59524190837278,39.13717073984423,0.29855585
Store_6,Bank_19,37.85255689180652,23.68926299553572,80.49919075675024,29.760569056266938,0.29035473
Store_6,Bank_20,37.85255689180652,23.68926299553572,74.22879317418588,41.8018026412281,-0.020101607
Store_6,Bank_21,37.85255689180652,23.68926299553572,75.69732599874789,20.25356865791812,0.24873686
Store_6,Bank_22,37.85255689180652,23.68926299553572,67.26845821387404,71.816563354471,0.040132046
Store_6,Bank_23,37.85255689180652,23.68926299553572,42.08044215406025,26.856637647346858,0.29627424
Store_6,Bank_24,37.85255689180652,23.68926299553572,3.0670569830396177,22.627501745087418,0.2903884
Store_6,Bank_25,37.85255689180652,23.68926299553572,68.68561641540452,87.5340179808678,0.30403477
Store_6,Bank_26,37.85255689180652,23.68926299553572,72.33830525786665,52.74807198383784,0.29963756
Store_6,Bank_27,37.85255689180652,23.68926299553572,55.60189254888827,93.20510868724499,0.20376706
Store_6,Bank_28,37.85255689180652,23.68926299553572,67.98706118138162,30.30529937117613,0.056138933
Store_6,Bank_29,37.85255689180652,23.68926299553572,30.303374092267,60.10516961202461,0.2861256
Store_6,Bank_30,37.85255689180652,23.68926299553572,7.540067481334855,72.88702648890597,0.2943586
Store_6,Bank_31,37.85255689180652,23.68926299553572,75.38172364234154,65.21614315774508,0.20815009
Store_6,Bank_32,37.85255689180652,23.68926299553572,56.651016768629205,56.05093550979855,0.15512788
Store_6,Bank_33,37.85255689180652,23.68926299553572,8.040435191061368,36.035510347257926,0.30074352
Store_6,Bank_34,37.85255689180652,23.68926299553572,0.2131757517885413,3.3194587440436796,0.30003798
Store_6,Bank_35,37.85255689180652,23.68926299553572,87.94169820557762,48.63187525206023,0.30206168
Store_6,Bank_36,37.85255689180652,23.68926299553572,3.575292378669137,72.64370976080245,0.27471966
Store_6,Bank_37,37.85255689180652,23.68926299553572,29.629780170623533,81.9152806853877,0.28718466
Store_6,Bank_38,37.85255689180652,23.68926299553572,9.320795702458462,77.06556257597018,0.300525
Store_6,Bank_39,37.85255689180652,23.68926299553572,35.538506608571176,17.47590723043677,0.20408624
Store_6,Bank_40,37.85255689180652,23.68926299553572,81.65438097094433,3.189377589660103,0.23535609
Store_7,Bank_1,8.027057451693642,81.94702450598585,64.39830871187368,67.62398219853492,0.4514504
Store_7,Bank_2,8.027057451693642,81.94702450598585,94.20591238829729,2.9940433020438806,0.42648834
Store_7,Bank_3,8.027057451693642,81.94702450598585,90.4933439074418,79.41794137989879,0.070878804
Store_7,Bank_4,8.027057451693642,81.94702450598585,80.20816489835212,15.2090837844281,0.35296518
Store_7,Bank_5,8.027057451693642,81.94702450598585,16.209390524906343,53.11199146400879,0.46180087
Store_7,Bank_6,8.027057451693642,81.94702450598585,38.12154832860502,35.00252300066203,0.45881683
Store_7,Bank_7,8.027057451693642,81.94702450598585,80.63070764059503,68.0244423213309,0.40469247
Store_7,Bank_8,8.027057451693642,81.94702450598585,34.60443969654757,51.01506612561023,0.46335143
Store_7,Bank_9,8.027057451693642,81.94702450598585,47.99704366769903,5.935789597614704,0.4609607
Store_7,Bank_10,8.027057451693642,81.94702450598585,20.520047100102623,38.20232466107236,0.42086846
Store_7,Bank_11,8.027057451693642,81.94702450598585,6.898535738074085,50.276947220982414,0.3474217
Store_7,Bank_12,8.027057451693642,81.94702450598585,88.78093915527688,71.31898527906395,0.4498405
Store_7,Bank_13,8.027057451693642,81.94702450598585,79.76032544766628,98.45578865443886,0.30255145
Store_7,Bank_14,8.027057451693642,81.94702450598585,54.3343100311518,21.58412482120887,0.46479875
Store_7,Bank_15,8.027057451693642,81.94702450598585,73.66946091099888,10.093589333240105,0.31429023
Store_7,Bank_16,8.027057451693642,81.94702450598585,10.084552170644844,14.94862629723639,0.39000696
Store_7,Bank_17,8.027057451693642,81.94702450598585,89.11653796761013,0.4806491460307538,0.4385664
Store_7,Bank_18,8.027057451693642,81.94702450598585,80.59524190837278,39.13717073984423,0.46203786
Store_7,Bank_19,8.027057451693642,81.94702450598585,80.49919075675024,29.760569056266938,0.45383674
Store_7,Bank_20,8.027057451693642,81.94702450598585,74.22879317418588,41.8018026412281,0.11947191
Store_7,Bank_21,8.027057451693642,81.94702450598585,75.69732599874789,20.25356865791812,0.41221887
Store_7,Bank_22,8.027057451693642,81.94702450598585,67.26845821387404,71.816563354471,0.19277847
Store_7,Bank_23,8.027057451693642,81.94702450598585,42.08044215406025,26.856637647346858,0.4597562
Store_7,Bank_24,8.027057451693642,81.94702450598585,3.0670569830396177,22.627501745087418,0.4538706
Store_7,Bank_25,8.027057451693642,81.94702450598585,68.68561641540452,87.5340179808678,0.46751684
Store_7,Bank_26,8.027057451693642,81.94702450598585,72.33830525786665,52.74807198383784,0.4631198
Store_7,Bank_27,8.027057451693642,81.94702450598585,55.60189254888827,93.20510868724499,0.36724907
Store_7,Bank_28,8.027057451693642,81.94702450598585,67.98706118138162,30.30529937117613,0.21222025
Store_7,Bank_29,8.027057451693642,81.94702450598585,30.303374092267,60.10516961202461,0.44960767
Store_7,Bank_30,8.027057451693642,81.94702450598585,7.540067481334855,72.88702648890597,0.45784062
Store_7,Bank_31,8.027057451693642,81.94702450598585,75.38172364234154,65.21614315774508,0.37163216
Store_7,Bank_32,8.027057451693642,81.94702450598585,56.651016768629205,56.05093550979855,0.31861
Store_7,Bank_33,8.027057451693642,81.94702450598585,8.040435191061368,36.035510347257926,0.4642256
Store_7,Bank_34,8.027057451693642,81.94702450598585,0.2131757517885413,3.3194587440436796,0.4635201
Store_7,Bank_35,8.027057451693642,81.94702450598585,87.94169820557762,48.63187525206023,0.46554357
Store_7,Bank_36,8.027057451693642,81.94702450598585,3.575292378669137,72.64370976080245,0.43820184
Store_7,Bank_37,8.027057451693642,81.94702450598585,29.629780170623533,81.9152806853877,0.45066673
Store_7,Bank_38,8.027057451693642,81.94702450598585,9.320795702458462,77.06556257597018,0.4640072
Store_7,Bank_39,8.027057451693642,81.94702450598585,35.538506608571176,17.47590723043677,0.3675683
Store_7,Bank_40,8.027057451693642,81.94702450598585,81.65438097094433,3.189377589660103,0.39883822
Store_8,Bank_1,72.35005744542151,29.60915986002618,64.39830871187368,67.62398219853492,0.93427867
Store_8,Bank_2,72.35005744542151,29.60915986002618,94.20591238829729,2.9940433020438806,0.9093167
Store_8,Bank_3,72.35005744542151,29.60915986002618,90.4933439074418,79.41794137989879,0.47767848
Store_8,Bank_4,72.35005744542151,29.60915986002618,80.20816489835212,15.2090837844281,0.83579355
Store_8,Bank_5,72.35005744542151,29.60915986002618,16.209390524906343,53.11199146400879,0.94462925
Store_8,Bank_6,72.35005744542151,29.60915986002618,38.12154832860502,35.00252300066203,0.9416452
Store_8,Bank_7,72.35005744542151,29.60915986002618,80.63070764059503,68.0244423213309,0.88752097
Store_8,Bank_8,72.35005744542151,29.60915986002618,34.60443969654757,51.01506612561023,0.9461797
Store_8,Bank_9,72.35005744542151,29.60915986002618,47.99704366769903,5.935789597614704,0.94378906
Store_8,Bank_10,72.35005744542151,29.60915986002618,20.520047100102623,38.20232466107236,0.9036971
Store_8,Bank_11,72.35005744542151,29.60915986002618,6.898535738074085,50.276947220982414,0.83024997
Store_8,Bank_12,72.35005744542151,29.60915986002618,88.78093915527688,71.31898527906395,0.93266886
Store_8,Bank_13,72.35005744542151,29.60915986002618,79.76032544766628,98.45578865443886,0.7853797
Store_8,Bank_14,72.35005744542151,29.60915986002618,54.3343100311518,21.58412482120887,0.94762725
Store_8,Bank_15,72.35005744542151,29.60915986002618,73.66946091099888,10.093589333240105,0.7971185
Store_8,Bank_16,72.35005744542151,29.60915986002618,10.084552170644844,14.94862629723639,0.8728352
Store_8,Bank_17,72.35005744542151,29.60915986002618,89.11653796761013,0.4806491460307538,0.92139465
Store_8,Bank_18,72.35005744542151,29.60915986002618,80.59524190837278,39.13717073984423,0.9448665
Store_8,Bank_19,72.35005744542151,29.60915986002618,80.49919075675024,29.760569056266938,0.9366651
Store_8,Bank_20,72.35005744542151,29.60915986002618,74.22879317418588,41.8018026412281,0.5626469
Store_8,Bank_21,72.35005744542151,29.60915986002618,75.69732599874789,20.25356865791812,0.89504725
Store_8,Bank_22,72.35005744542151,29.60915986002618,67.26845821387404,71.816563354471,0.6670967
Store_8,Bank_23,72.35005744542151,29.60915986002618,42.08044215406025,26.856637647346858,0.9425848
Store_8,Bank_24,72.35005744542151,29.60915986002618,3.0670569830396177,22.627501745087418,0.93669885
Store_8,Bank_25,72.35005744542151,29.60915986002618,68.68561641540452,87.5340179808678,0.95034534
Store_8,Bank_26,72.35005744542151,29.60915986002618,72.33830525786665,52.74807198383784,0.94594806
Store_8,Bank_27,72.35005744542151,29.60915986002618,55.60189254888827,93.20510868724499,0.85007733
Store_8,Bank_28,72.35005744542151,29.60915986002618,67.98706118138162,30.30529937117613,0.6893037
Store_8,Bank_29,72.35005744542151,29.60915986002618,30.303374092267,60.10516961202461,0.93243605
Store_8,Bank_30,72.35005744542151,29.60915986002618,7.540067481334855,72.88702648890597,0.9406691
Store_8,Bank_31,72.35005744542151,29.60915986002618,75.38172364234154,65.21614315774508,0.85446054
Store_8,Bank_32,72.35005744542151,29.60915986002618,56.651016768629205,56.05093550979855,0.8014383
Store_8,Bank_33,72.35005744542151,29.60915986002618,8.040435191061368,36.035510347257926,0.94705373
Store_8,Bank_34,72.35005744542151,29.60915986002618,0.2131757517885413,3.3194587440436796,0.9463485
Store_8,Bank_35,72.35005744542151,29.60915986002618,87.94169820557762,48.63187525206023,0.94837195
Store_8,Bank_36,72.35005744542151,29.60915986002618,3.575292378669137,72.64370976080245,0.92103034
Store_8,Bank_37,72.35005744542151,29.60915986002618,29.629780170623533,81.9152806853877,0.9334951
Store_8,Bank_38,72.35005744542151,29.60915986002618,9.320795702458462,77.06556257597018,0.9468356
Store_8,Bank_39,72.35005744542151,29.60915986002618,35.538506608571176,17.47590723043677,0.8503967
Store_8,Bank_40,72.35005744542151,29.60915986002618,81.65438097094433,3.189377589660103,0.8816665
Store_9,Bank_1,10.924407949160075,93.43158669905614,64.39830871187368,67.62398219853492,0.522366
Store_9,Bank_2,10.924407949160075,93.43158669905614,94.20591238829729,2.9940433020438806,0.49740392
Store_9,Bank_3,10.924407949160075,93.43158669905614,90.4933439074418,79.41794137989879,0.096681654
Store_9,Bank_4,10.924407949160075,93.43158669905614,80.20816489835212,15.2090837844281,0.42388076
Store_9,Bank_5,10.924407949160075,93.43158669905614,16.209390524906343,53.11199146400879,0.53271633
Store_9,Bank_6,10.924407949160075,93.43158669905614,38.12154832860502,35.00252300066203,0.5297323
Store_9,Bank_7,10.924407949160075,93.43158669905614,80.63070764059503,68.0244423213309,0.47560793
Store_9,Bank_8,10.924407949160075,93.43158669905614,34.60443969654757,51.01506612561023,0.5342669
Store_9,Bank_9,10.924407949160075,93.43158669905614,47.99704366769903,5.935789597614704,0.53187615
Store_9,Bank_10,10.924407949160075,93.43158669905614,20.520047100102623,38.20232466107236,0.49178404
Store_9,Bank_11,10.924407949160075,93.43158669905614,6.898535738074085,50.276947220982414,0.41833717
Store_9,Bank_12,10.924407949160075,93.43158669905614,88.78093915527688,71.31898527906395,0.52075607
Store_9,Bank_13,10.924407949160075,93.43158669905614,79.76032544766628,98.45578865443886,0.3734669
Store_9,Bank_14,10.924407949160075,93.43158669905614,54.3343100311518,21.58412482120887,0.5357142
Store_9,Bank_15,10.924407949160075,93.43158669905614,73.66946091099888,10.093589333240105,0.3852057
Store_9,Bank_16,10.924407949160075,93.43158669905614,10.084552170644844,14.94862629723639,0.4609223
Store_9,Bank_17,10.924407949160075,93.43158669905614,89.11653796761013,0.4806491460307538,0.50948185
Store_9,Bank_18,10.924407949160075,93.43158669905614,80.59524190837278,39.13717073984423,0.53295344
Store_9,Bank_19,10.924407949160075,93.43158669905614,80.49919075675024,29.760569056266938,0.5247522
Store_9,Bank_20,10.924407949160075,93.43158669905614,74.22879317418588,41.8018026412281,0.15850598
Store_9,Bank_21,10.924407949160075,93.43158669905614,75.69732599874789,20.25356865791812,0.48313433
Store_9,Bank_22,10.924407949160075,93.43158669905614,67.26845821387404,71.816563354471,0.25518376
Store_9,Bank_23,10.924407949160075,93.43158669905614,42.08044215406025,26.856637647346858,0.5306718
Store_9,Bank_24,10.924407949160075,93.43158669905614,3.0670569830396177,22.627501745087418,0.52478594
Store_9,Bank_25,10.924407949160075,93.43158669905614,68.68561641540452,87.5340179808678,0.5384323
Store_9,Bank_26,10.924407949160075,93.43158669905614,72.33830525786665,52.74807198383784,0.53403527
Store_9,Bank_27,10.924407949160075,93.43158669905614,55.60189254888827,93.20510868724499,0.43816453
Store_9,Bank_28,10.924407949160075,93.43158669905614,67.98706118138162,30.30529937117613,0.2773909
Store_9,Bank_29,10.924407949160075,93.43158669905614,30.303374092267,60.10516961202461,0.52052313
Store_9,Bank_30,10.924407949160075,93.43158669905614,7.540067481334855,72.88702648890597,0.5287562
Store_9,Bank_31,10.924407949160075,93.43158669905614,75.38172364234154,65.21614315774508,0.4425475
Store_9,Bank_32,10.924407949160075,93.43158669905614,56.651016768629205,56.05093550979855,0.38952547
Store_9,Bank_33,10.924407949160075,93.43158669905614,8.040435191061368,36.035510347257926,0.53514105
Store_9,Bank_34,10.924407949160075,93.43158669905614,0.2131757517885413,3.3194587440436796,0.5344356
Store_9,Bank_35,10.924407949160075,93.43158669905614,87.94169820557762,48.63187525206023,0.53645915
Store_9,Bank_36,10.924407949160075,93.43158669905614,3.575292378669137,72.64370976080245,0.5091173
Store_9,Bank_37,10.924407949160075,93.43158669905614,29.629780170623533,81.9152806853877,0.5215824
Store_9,Bank_38,10.924407949160075,93.43158669905614,9.320795702458462,77.06556257597018,0.53492266
Store_9,Bank_39,10.924407949160075,93.43158669905614,35.538506608571176,17.47590723043677,0.4384839
Store_9,Bank_40,10.924407949160075,93.43158669905614,81.65438097094433,3.189377589660103,0.46975368
Store_10,Bank_1,28.58403248724005,81.29466109366015,64.39830871187368,67.62398219853492,0.54661983
Store_10,Bank_2,28.58403248724005,81.29466109366015,94.20591238829729,2.9940433020438806,0.52165776
Store_10,Bank_3,28.58403248724005,81.29466109366015,90.4933439074418,79.41794137989879,0.13537878
Store_10,Bank_4,28.58403248724005,81.29466109366015,80.20816489835212,15.2090837844281,0.44813448
Store_10,Bank_5,28.58403248724005,81.29466109366015,16.209390524906343,53.11199146400879,0.5569703
Store_10,Bank_6,28.58403248724005,81.29466109366015,38.12154832860502,35.00252300066203,0.55398613
Store_10,Bank_7,28.58403248724005,81.29466109366015,80.63070764059503,68.0244423213309,0.49986178
Store_10,Bank_8,28.58403248724005,81.29466109366015,34.60443969654757,51.01506612561023,0.55852073
Store_10,Bank_9,28.58403248724005,81.29466109366015,47.99704366769903,5.935789597614704,0.5561301
Store_10,Bank_10,28.58403248724005,81.29466109366015,20.520047100102623,38.20232466107236,0.5160379
Store_10,Bank_11,28.58403248724005,81.29466109366015,6.898535738074085,50.276947220982414,0.442591
Store_10,Bank_12,28.58403248724005,81.29466109366015,88.78093915527688,71.31898527906395,0.5450099
Store_10,Bank_13,28.58403248724005,81.29466109366015,79.76032544766628,98.45578865443886,0.39772075
Store_10,Bank_14,28.58403248724005,81.29466109366015,54.3343100311518,21.58412482120887,0.55996805
Store_10,Bank_15,28.58403248724005,81.29466109366015,73.66946091099888,10.093589333240105,0.40945965
Store_10,Bank_16,28.58403248724005,81.29466109366015,10.084552170644844,14.94862629723639,0.48517627
Store_10,Bank_17,28.58403248724005,81.29466109366015,89.11653796761013,0.4806491460307538,0.5337357
Store_10,Bank_18,28.58403248724005,81.29466109366015,80.59524190837278,39.13717073984423,0.55720717
Store_10,Bank_19,28.58403248724005,81.29466109366015,80.49919075675024,29.760569056266938,0.54900604
Store_10,Bank_20,28.58403248724005,81.29466109366015,74.22879317418588,41.8018026412281,0.18811035
Store_10,Bank_21,28.58403248724005,81.29466109366015,75.69732599874789,20.25356865791812,0.5073882
Store_10,Bank_22,28.58403248724005,81.29466109366015,67.26845821387404,71.816563354471,0.27943748
Store_10,Bank_23,28.58403248724005,81.29466109366015,42.08044215406025,26.856637647346858,0.5549256
Store_10,Bank_24,28.58403248724005,81.29466109366015,3.0670569830396177,22.627501745087418,0.5490399
Store_10,Bank_25,28.58403248724005,81.29466109366015,68.68561641540452,87.5340179808678,0.562686
Store_10,Bank_26,28.58403248724005,81.29466109366015,72.33830525786665,52.74807198383784,0.558289
Store_10,Bank_27,28.58403248724005,81.29466109366015,55.60189254888827,93.20510868724499,0.46241838
Store_10,Bank_28,28.58403248724005,81.29466109366015,67.98706118138162,30.30529937117613,0.30164462
Store_10,Bank_29,28.58403248724005,81.29466109366015,30.303374092267,60.10516961202461,0.544777
Store_10,Bank_30,28.58403248724005,81.29466109366015,7.540067481334855,72.88702648890597,0.5530099
Store_10,Bank_31,28.58403248724005,81.29466109366015,75.38172364234154,65.21614315774508,0.46680123
Store_10,Bank_32,28.58403248724005,81.29466109366015,56.651016768629205,56.05093550979855,0.41377932
Store_10,Bank_33,28.58403248724005,81.29466109366015,8.040435191061368,36.035510347257926,0.5593949
Store_10,Bank_34,28.58403248724005,81.29466109366015,0.2131757517885413,3.3194587440436796,0.5586894
Store_10,Bank_35,28.58403248724005,81.29466109366015,87.94169820557762,48.63187525206023,0.5607129
Store_10,Bank_36,28.58403248724005,81.29466109366015,3.575292378669137,72.64370976080245,0.53337115
Store_10,Bank_37,28.58403248724005,81.29466109366015,29.629780170623533,81.9152806853877,0.54583615
Store_10,Bank_38,28.58403248724005,81.29466109366015,9.320795702458462,77.06556257597018,0.5591765
Store_10,Bank_39,28.58403248724005,81.29466109366015,35.538506608571176,17.47590723043677,0.46273774
Store_10,Bank_40,28.58403248724005,81.29466109366015,81.65438097094433,3.189377589660103,0.4940074
